INSERT INTO users (userid, username, firstname, lastname, dateofbirth, password, dateadded)
VALUES
(1, 'stripean0', 'Stacie', 'Tripean', '8/27/2005', 'tC6"<V7j!Um', '12/8/2023'),
(2, 'gprayer1', 'Gael', 'Prayer', '1/29/2003', 'nJ6_XpM~|.', '1/13/2024'),
(3, 'mbye2', 'Madlin', 'Bye', '7/26/2003', 'aT9!hTnAdxI', '4/16/2024'),
(4, 'acasari3', 'Ab', 'Casari', '4/7/2001', 'qS4*eMa$''%b9{5', '8/23/2020'),
(5, 'ecanero4', 'Elspeth', 'Canero', '12/1/2002', 'aE4(+brf~AXV#uZ/', '8/9/2020'),
(6, 'lhardcastle5', 'Lacee', 'Hardcastle', '6/6/1997', 'mF2''P*A=uJ!4', '4/20/2023'),
(7, 'amooreed6', 'Almeria', 'Mooreed', '5/14/1997', 'jP5@(Lg}@!C>4?E', '4/19/2023'),
(8, 'vlawles7', 'Viviana', 'Lawles', '1/25/2003', 'yX5~D"h@Cj<', '10/13/2021'),
(9, 'swashtell8', 'Simonne', 'Washtell', '9/11/2002', 'mX8)?cnhQ,gJM', '3/29/2021'),
(10, 'tsawle9', 'Tamra', 'Sawle', '4/10/1998', 'bH9~zRsl8t', '6/21/2022'),
(11, 'bsafonta', 'Betteanne', 'Safont', '1/8/2004', 'bK2!m,"2O3~/KJ', '1/2/2021'),
(12, 'rfellb', 'Rozele', 'Fell', '1/1/1998', 'vS0!LMwE!RKC', '1/9/2022'),
(13, 'bhannyc', 'Berkie', 'Hanny', '10/27/2002', 'fJ5<8kiazxM|~_=1', '8/6/2023'),
(14, 'hdalbeyd', 'Helli', 'Dalbey', '7/27/1997', 'yQ2_K2j4+98%X', '8/25/2021'),
(15, 'lfreathye', 'Layton', 'Freathy', '12/6/2003', 'vX1\zP/YcO9L', '6/26/2020'),
(16, 'gklinkf', 'Gertie', 'Klink', '9/30/2005', 'kD8''?*C0', '12/22/2022'),
(17, 'jgaddesbyg', 'Juieta', 'Gaddesby', '7/8/2004', 'xK4=$+BN5s`H', '6/5/2022'),
(18, 'lmoorfieldh', 'Leonie', 'Moorfield', '3/31/2000', 'tC3=GKxr7', '10/14/2024'),
(19, 'maltyi', 'Mira', 'Alty', '11/20/1998', 'qK7|mv=<yW', '11/6/2024'),
(20, 'jgrewj', 'Jeff', 'Grew', '1/28/1999', 'cG9(|)<34|F=DD?', '5/22/2024');

INSERT INTO friends (friendid, friendwhoadded, friendbeingadded, isaccepted, dateadded)
VALUES
(1, 5, 19, true, '3/10/2020'),
(2, 13, 8, true, '5/6/2023'),
(3, 2, 15, false, '12/7/2021'),
(4, 9, 3, true, '6/11/2023'),
(5, 18, 10, true, '9/12/2020'),
(6, 6, 12, true, '11/21/2023'),
(7, 7, 17, true, '5/29/2020'),
(8, 14, 4, true, '12/23/2023'),
(9, 11, 1, true, '11/13/2022'),
(10, 20, 16, false, '12/1/2020'),
(11, 4, 5, true, '1/5/2022'),
(12, 3, 6, false, '9/23/2024'),
(13, 16, 14, false, '12/20/2022'),
(14, 19, 2, true, '2/17/2023'),
(15, 8, 9, true, '3/15/2024'),
(16, 12, 7, false, '9/3/2021'),
(17, 1, 13, true, '11/5/2021'),
(18, 17, 11, false, '3/31/2021'),
(19, 10, 18, true, '4/14/2022'),
(20, 15, 20, false, '5/28/2023');

INSERT INTO groupmembershiprequests (groupmembershiprequestsid, groupid, groupmemberuserid, isgroupmembershipaccepted, dateaccepted)
VALUES
(1, 4, 19, true, '11/4/2023'),
(2, 3, 15, false, '5/21/2024'),
(3, 2, 4, true, '7/18/2021'),
(4, 18, 9, true, '10/15/2020'),
(5, 9, 14, false, '8/15/2024'),
(6, 9, 10, false, '3/17/2020'),
(7, 17, 7, false, '3/10/2020'),
(8, 10, 10, false, '1/23/2024'),
(9, 19, 12, true, '8/16/2021'),
(10, 18, 4, true, '6/29/2024'),
(11, 15, 20, true, '4/28/2023'),
(12, 2, 12, false, '9/3/2023'),
(13, 4, 12, false, '5/7/2023'),
(14, 11, 17, false, '4/5/2023'),
(15, 14, 19, false, '10/7/2024'),
(16, 15, 9, true, '8/24/2024'),
(17, 11, 15, false, '5/15/2022'),
(18, 15, 18, false, '4/1/2023'),
(19, 20, 1, true, '8/28/2024'),
(20, 19, 2, true, '11/27/2024');

INSERT INTO groups (groupid, groupname, createdby, dateadded)
VALUES
(1, 'Pacocha, Batz and Baumbach', 7, '7/21/2021'),
(2, 'D Amore, Oberbrunner and Powlowski', 8, '6/28/2024'),
(3, 'Howe-Roberts', 10, '5/29/2020'),
(4, 'Reichert and Sons', 16, '8/3/2022'),
(5, 'Ritchie-Stroman', 12, '11/22/2020'),
(6, 'Renner, Jacobson and Kirlin', 15, '9/15/2022'),
(7, 'Zulauf, Dare and Murphy', 1, '7/5/2020'),
(8, 'Reynolds LLC', 19, '12/31/2022'),
(9, 'Heaney-Lynch', 18, '5/12/2024'),
(10, 'Kunde LLC', 16, '5/27/2024'),
(11, 'Kiehn Inc', 12, '10/13/2021'),
(12, 'Mueller-Turner', 3, '8/27/2022'),
(13, 'Weimann and Sons', 14, '10/5/2023'),
(14, 'Stoltenberg, Klein and Weber', 15, '10/27/2022'),
(15, 'Kohler and Sons', 11, '3/16/2020'),
(16, 'Collier LLC', 2, '7/17/2022'),
(17, 'Schumm and Sons', 6, '10/22/2024'),
(18, 'Kunde-Gerhold', 3, '6/16/2024'),
(19, 'Gleichner-Hoppe', 11, '9/22/2023'),
(20, 'Gerlach LLC', 12, '1/17/2022');

INSERT INTO posts (postid, postdescription, postedby, ispublic, isonlyforfriends, groupid, dateposted)
VALUES
(1, 'Switchable real-time knowledge base', 6, true, false, 12, '3/30/2024'),
(2, 'Profit-focused zero defect structure', 4, false, true, 3, '11/8/2024'),
(3, 'Grass-roots methodical data-warehouse', 6, true, false, 4, '5/30/2021'),
(4, 'Open-architected stable Graphical User Interface', 2, true, true, 20, '3/1/2021'),
(5, 'Reduced neutral flexibility', 11, true, false, 15, '1/23/2021'),
(6, 'Multi-lateral even-keeled alliance', 8, false, false, 10, '8/14/2021'),
(7, 'Grass-roots global ability', 1, true, false, 6, '5/30/2020'),
(8, 'Multi-tiered cohesive methodology', 3, true, false, 9, '4/11/2024'),
(9, 'Digitized stable customer loyalty', 15, true, false, 12, '11/29/2022'),
(10, 'Polarised uniform matrices', 15, false, true, 9, '6/12/2022'),
(11, 'Right-sized demand-driven adapter', 5, false, false, 12, '8/3/2022'),
(12, 'Focused didactic artificial intelligence', 7, true, false, 6, '7/19/2024'),
(13, 'Function-based contextually-based workforce', 11, false, false, 1, '5/2/2023'),
(14, 'Streamlined transitional encryption', 7, true, false, 19, '10/29/2020'),
(15, 'De-engineered disintermediate application', 19, true, true, 2, '8/25/2024'),
(16, 'Mandatory user-facing standardization', 9, false, true, 19, '8/25/2023'),
(17, 'Customizable client-driven groupware', 5, false, true, 6, '1/27/2020'),
(18, 'Configurable upward-trending productivity', 9, false, false, 19, '9/5/2021'),
(19, 'Streamlined 6th generation firmware', 4, false, true, 15, '2/18/2022'),
(20, 'Persevering eco-centric alliance', 9, false, true, 19, '2/11/2022'),
(21, 'Profound tertiary productivity', 14, true, true, 8, '7/13/2020'),
(22, 'Open-architected reciprocal strategy', 5, true, false, 13, '1/10/2022'),
(23, 'Synchronised intermediate toolset', 5, true, false, 11, '1/14/2022'),
(24, 'Multi-tiered solution-oriented hardware', 2, true, false, 9, '9/25/2023'),
(25, 'Reverse-engineered impactful definition', 8, false, false, 14, '9/25/2024'),
(26, 'Mandatory leading edge adapter', 15, true, true, 1, '2/21/2024'),
(27, 'Operative didactic paradigm', 4, false, true, 6, '5/9/2023'),
(28, 'Re-contextualized non-volatile parallelism', 19, true, true, 3, '10/30/2020'),
(29, 'Exclusive foreground database', 13, false, true, 20, '12/25/2022'),
(30, 'Object-based composite core', 15, false, false, 16, '9/5/2023'),
(31, 'De-engineered local secured line', 16, false, false, 18, '3/28/2023'),
(32, 'Streamlined homogeneous hardware', 11, true, false, 13, '11/27/2020'),
(33, 'Mandatory clear-thinking artificial intelligence', 2, false, true, 16, '10/20/2022'),
(34, 'Right-sized executive functionalities', 1, true, false, 3, '4/30/2024'),
(35, 'Business-focused systematic forecast', 2, true, true, 10, '3/24/2020'),
(36, 'Multi-layered multimedia groupware', 12, true, false, 11, '8/22/2020'),
(37, 'Open-architected well-modulated hardware', 15, false, true, 9, '2/25/2024'),
(38, 'Advanced context-sensitive alliance', 12, true, true, 5, '12/7/2021'),
(39, 'Open-source full-range initiative', 8, false, false, 14, '10/31/2022'),
(40, 'Fundamental actuating application', 4, true, true, 10, '5/12/2024');
